RelativePath,FileSizeBytes,SHA256,Purpose,SourceClassification,PublicSafeStatus
00_READ_ME_FIRST.md,3335,fa6226193b106d9fe5122a3214ac12eea0bce001c6a056bae4d630484e27f04a,Entry point and controlled status,dashboard documentation or QA,PASS
DASHBOARD_BLUEPRINT.md,4460,3c0c613a4d8cd0ae0f4ff2b71876671a5565206aded2459d3235fb941ea75ede,"Dashboard story, layout, and interpretation design",dashboard documentation or QA,PASS
DASHBOARD_PREPARATION_VALIDATION.json,16535,f4e1376ec4f537150a5651edab64db85de9c8a5c9a6610b454429a75f7550474,Machine-readable preparation validation,dashboard documentation or QA,PASS
DASHBOARD_QA_CHECKLIST.md,2956,b7a45ad9f70c75d7b4c30e8d9ba9c86d5c263e80abc4f9936bf1c43cafea4e1e,Manual dashboard QA checklist,dashboard documentation or QA,PASS
DASHBOARD_SOURCE_PROVENANCE.csv,49920,b43ea3391d89e5b4051d92e52aa1b7701a6071d7d9ba03a881bd9d3ed4a71664,Field and measure source ledger,dashboard documentation or QA,PASS
METRIC_AND_MEASURE_DICTIONARY.csv,11289,71888a159ef148ed675a48f3d9155dfff060bd59b5a922f43c9f7d2550d33f72,Authoritative measure dictionary,dashboard documentation or QA,PASS
NEXT_STEPS_AFTER_DASHBOARD.md,1655,de4677c6b288c0f111f168cf2430c4b8c56056c4fb0c88877b401296e35b30db,Controlled post-dashboard workflow,dashboard documentation or QA,PASS
POWER_BI_BUILD_CLICKBOOK.md,13577,6caf8473089c92b4a26d40e21018aad8f47c0aaffdbbff0c9e4b3a378c5f125e,Exact manual Power BI construction instructions,dashboard documentation or QA,PASS
POWER_BI_DATA_MODEL.md,4138,768abd0204f6cda5cf902efe9e9c6de2cfd501706c28132fe43fa1ed3d77d7c9,"Tables, grains, relationships, and refresh boundary",dashboard documentation or QA,PASS
POWER_BI_FINAL_QA_PROMPT.txt,4068,63ccc0b0a2581fc38f14c66fda5ded316ef9f8a35d92d339f043e1d32d665894,Prompt for final independent dashboard QA,dashboard documentation or QA,PASS
POWER_BI_MEASURES.dax,7598,db21103d60ae0a6c8f52ba58bb7e608d3cc42452b4e7c3de94248ae8c2229121,Copy-ready explicit DAX measures,dashboard documentation or QA,PASS
POWER_BI_VISUAL_SPECIFICATION.csv,12552,5226441ebc35dac97dce4a73970dd79268490f9332b2d5595edb9e61d7d5b19c,Exact visual placements and bindings,dashboard documentation or QA,PASS
POWER_QUERY_TRANSFORMATIONS.md,1324,e21e811e9c00f6932776bcdaf0f78bb7ee462efc5ea6ee693870d99a96c3c0df,Power Query source and typing rules,dashboard documentation or QA,PASS
PUBLIC_DASHBOARD_DISCLOSURE_AUDIT.json,2318,a8a6a9b5582a0b0cad04c7d0b7754362a442e1eccaa6b5c509d32d441e0395f5,Machine-readable public-safety audit,dashboard documentation or QA,PASS
dashboard_data/DimClinicalDomain.csv,552,29a18fca50b24d0e0d7b8d4f29d6fee415a28e55e9a857380ccaaf5f5ea44026,Import-ready public-safe table,public-safe dashboard data,PASS
dashboard_data/DimCodingMap.csv,855,20187c533838b9d6bffbdf69e5724047cc209bee68f588ab9ac249d41140d078,Import-ready public-safe table,public-safe dashboard data,PASS
dashboard_data/DimMetric.csv,3385,eee7cc160597f6bab51a4f750cdf5cc4b3d6107f418fe6df218e205217516ed3,Import-ready public-safe table,public-safe dashboard data,PASS
dashboard_data/DimModelSpec.csv,863,c6a6d55f5619f4f01e1db66fd3fd2de4346fefdad3c945ce4a7bfcfd3bde72bd,Import-ready public-safe table,public-safe dashboard data,PASS
dashboard_data/DimPeriod.csv,6503,5200036ee5f5a782a0eb8b13ebb790b7b8bf3d3ecf2f706a75112d72676b8f91,Import-ready public-safe table,public-safe dashboard data,PASS
dashboard_data/DimProjectStage.csv,671,d93b826ede0b57d28bf8c4a83098b919b170f3a57c2a468126f95a9c0218f44c,Import-ready public-safe table,public-safe dashboard data,PASS
dashboard_data/DimSchemaFamily.csv,483,406f55432e32a026fb9fe1324acf8e2719031aec98e0812baa66a9eef7f8f8fd,Import-ready public-safe table,public-safe dashboard data,PASS
dashboard_data/FactAnalyticalStatus.csv,3434,5e6164170af8f6fb5ea6d44c3cee09fceeaa1af37f21a139fd5bf188f974e46e,Import-ready public-safe table,public-safe dashboard data,PASS
dashboard_data/FactEnhancementCoverage.csv,4257,5ead6d9e62a7ec5c496a9f172cc80ebb090550ea98479abb3fa17fa5bf82b9d8,Import-ready public-safe table,public-safe dashboard data,PASS
dashboard_data/FactPartitionStatus.csv,12869,1695f988b76409e31a70e28695b3cbf694ce0509c053d211f610cbba3f05f88c,Import-ready public-safe table,public-safe dashboard data,PASS
dashboard_data/FactProjectCoverage.csv,1262,ff8a9d9703219523b3cfd46c75f87efb1b890b380678fb20340ca479d848338a,Import-ready public-safe table,public-safe dashboard data,PASS
dashboard_data/FactProviderMeasurement.csv,1292,e06f6e9678edf9cc55030582ab5dfa67e8d228e4d68f19446b480609ba09c3bb,Import-ready public-safe table,public-safe dashboard data,PASS
dashboard_data/FactSyntheticDemonstration.csv,1673,24ce1d53cb6c3bcec8c682c7640ad01886fb9d890f0c8cd726eb4fce0b0ea5df,Import-ready public-safe table,public-safe dashboard data,PASS
dashboard_data/FactValidationStatus.csv,2969,23c92158bc33f819f009b7e54ddb42a7c7d015434f2e113c02fe29e98ad514be,Import-ready public-safe table,public-safe dashboard data,PASS
dashboard_data/POWER_BI_IMPORT.xlsx,37903,368bf73bd084929ebefcef730f694a904cc64158f5d7a87f080919287290b8c4,Consolidated Power BI import workbook,public-safe dashboard data,PASS
dashboard_data_dictionary.csv,28397,4e03f85154940d8e75499817793d1b507e08307be8af4745783dd67cc9420384,Field-level dashboard schema dictionary,dashboard documentation or QA,PASS
powerbi_theme.json,825,8eeb425fc5445d361bb9f14e57d5b48fef0b7908164db67e0fdb0ae90400b9eb,Accessible research dashboard theme,dashboard documentation or QA,PASS
support/build_dashboard_package.mjs,128473,f6581c0d1f62697de1fc5a90440b29e97a0797a9d05bff4c6d2d28dc485a228d,Reproducible dashboard-package builder,reproducibility support,PASS
support/validate_dashboard_package.py,17048,bae869cf3f2ecf6570cd1c13691c7b741f57e9098ffd70b87483a9dea7ddd531,Dashboard package artifact,reproducibility support,PASS
