column_name,column_type,null,key,default,extra,variable_role,historical_track,hourly_los_policy
visit_key,VARCHAR,YES,,,,"identifier, source, or supporting analytic field",2005-2008 separate provider-v2,
source_encounter_key,VARCHAR,YES,,,,"identifier, source, or supporting analytic field",2005-2008 separate provider-v2,
visit_year,SMALLINT,YES,,,,"identifier, source, or supporting analytic field",2005-2008 separate provider-v2,
visit_quarter,UTINYINT,YES,,,,"identifier, source, or supporting analytic field",2005-2008 separate provider-v2,
facility_ahca_id,VARCHAR,YES,,,,"identifier, source, or supporting analytic field",2005-2008 separate provider-v2,
facility_year_quarter_id,VARCHAR,YES,,,,"identifier, source, or supporting analytic field",2005-2008 separate provider-v2,
source_schema_id,VARCHAR,YES,,,,"identifier, source, or supporting analytic field",2005-2008 separate provider-v2,
diagnosis_code_system,VARCHAR,YES,,,,"identifier, source, or supporting analytic field",2005-2008 separate provider-v2,
historical_race_ethnicity_code,VARCHAR,YES,,,,"identifier, source, or supporting analytic field",2005-2008 separate provider-v2,
race_ethnicity_historical_label,VARCHAR,YES,,,,"identifier, source, or supporting analytic field",2005-2008 separate provider-v2,
historical_patient_group,VARCHAR,YES,,,,"identifier, source, or supporting analytic field",2005-2008 separate provider-v2,
historical_patient_bw_defined_flag,BOOLEAN,YES,,,,eligibility/measurement flag,2005-2008 separate provider-v2,
patient_black_flag,UTINYINT,YES,,,,patient/visit covariate,2005-2008 separate provider-v2,
patient_sex_category,VARCHAR,YES,,,,patient/visit covariate,2005-2008 separate provider-v2,
age_years,DOUBLE,YES,,,,patient/visit covariate,2005-2008 separate provider-v2,
age_band,VARCHAR,YES,,,,patient/visit covariate,2005-2008 separate provider-v2,
age_missing_flag,BOOLEAN,YES,,,,"identifier, source, or supporting analytic field",2005-2008 separate provider-v2,
weekday_label,VARCHAR,YES,,,,"identifier, source, or supporting analytic field",2005-2008 separate provider-v2,
weekend_flag,BOOLEAN,YES,,,,patient/visit covariate,2005-2008 separate provider-v2,
arrival_hour,INTEGER,YES,,,,patient/visit covariate,2005-2008 separate provider-v2,
arrival_time_band,VARCHAR,YES,,,,patient/visit covariate,2005-2008 separate provider-v2,
off_hours_flag,BOOLEAN,YES,,,,patient/visit covariate,2005-2008 separate provider-v2,
length_of_stay_days,DOUBLE,YES,,,,outcome,2005-2008 separate provider-v2,
ed_discharge_hour,INTEGER,YES,,,,"identifier, source, or supporting analytic field",2005-2008 separate provider-v2,structurally unavailable; must remain null
los_hours_clock_raw,DOUBLE,YES,,,,"identifier, source, or supporting analytic field",2005-2008 separate provider-v2,structurally unavailable; must remain null
los_hours_primary_0_168,DOUBLE,YES,,,,"identifier, source, or supporting analytic field",2005-2008 separate provider-v2,structurally unavailable; must remain null
hourly_los_available_flag,BOOLEAN,YES,,,,eligibility/measurement flag,2005-2008 separate provider-v2,
los_measurement_status,VARCHAR,YES,,,,"identifier, source, or supporting analytic field",2005-2008 separate provider-v2,
patient_zip_rurality_3level,VARCHAR,YES,,,,patient/visit covariate,2005-2008 separate provider-v2,
payer_group,VARCHAR,YES,,,,patient/visit covariate,2005-2008 separate provider-v2,
disposition_group,VARCHAR,YES,,,,"identifier, source, or supporting analytic field",2005-2008 separate provider-v2,
routine_discharge_flag,BOOLEAN,YES,,,,outcome,2005-2008 separate provider-v2,
transfer_flag,BOOLEAN,YES,,,,outcome,2005-2008 separate provider-v2,
hospice_flag,BOOLEAN,YES,,,,outcome,2005-2008 separate provider-v2,
mortality_flag,BOOLEAN,YES,,,,outcome,2005-2008 separate provider-v2,
left_discontinued_care_flag,BOOLEAN,YES,,,,outcome,2005-2008 separate provider-v2,
same_facility_inpatient_admission_flag,BOOLEAN,YES,,,,"identifier, source, or supporting analytic field",2005-2008 separate provider-v2,
same_facility_admission_status,VARCHAR,YES,,,,"identifier, source, or supporting analytic field",2005-2008 separate provider-v2,
revisit_7d_flag,BOOLEAN,YES,,,,"identifier, source, or supporting analytic field",2005-2008 separate provider-v2,
revisit_30d_flag,BOOLEAN,YES,,,,"identifier, source, or supporting analytic field",2005-2008 separate provider-v2,
revisit_measure_status,VARCHAR,YES,,,,"identifier, source, or supporting analytic field",2005-2008 separate provider-v2,
clinical_triage_level,VARCHAR,YES,,,,"identifier, source, or supporting analytic field",2005-2008 separate provider-v2,
clinical_triage_status,VARCHAR,YES,,,,"identifier, source, or supporting analytic field",2005-2008 separate provider-v2,
principal_diagnosis_code_norm,VARCHAR,YES,,,,"identifier, source, or supporting analytic field",2005-2008 separate provider-v2,
principal_diagnosis_description,VARCHAR,YES,,,,"identifier, source, or supporting analytic field",2005-2008 separate provider-v2,
principal_clinical_category,VARCHAR,YES,,,,"identifier, source, or supporting analytic field",2005-2008 separate provider-v2,
principal_clinical_category_label,VARCHAR,YES,,,,"identifier, source, or supporting analytic field",2005-2008 separate provider-v2,
principal_diagnosis_mapped_flag,BOOLEAN,YES,,,,"identifier, source, or supporting analytic field",2005-2008 separate provider-v2,
diagnosis_code_count,USMALLINT,YES,,,,"identifier, source, or supporting analytic field",2005-2008 separate provider-v2,
secondary_diagnosis_code_count,UTINYINT,YES,,,,"identifier, source, or supporting analytic field",2005-2008 separate provider-v2,
external_cause_code_count,UTINYINT,YES,,,,"identifier, source, or supporting analytic field",2005-2008 separate provider-v2,
elixhauser_condition_count,UTINYINT,YES,,,,"identifier, source, or supporting analytic field",2005-2008 separate provider-v2,
elix_aids_flag,UTINYINT,YES,,,,risk-adjustment covariate,2005-2008 separate provider-v2,
elix_alcohol_flag,UTINYINT,YES,,,,risk-adjustment covariate,2005-2008 separate provider-v2,
elix_anemdef_flag,UTINYINT,YES,,,,risk-adjustment covariate,2005-2008 separate provider-v2,
elix_arth_flag,UTINYINT,YES,,,,risk-adjustment covariate,2005-2008 separate provider-v2,
elix_autoimmune_flag,UTINYINT,YES,,,,risk-adjustment covariate,2005-2008 separate provider-v2,
elix_bldloss_flag,UTINYINT,YES,,,,risk-adjustment covariate,2005-2008 separate provider-v2,
elix_cancer_leuk_flag,UTINYINT,YES,,,,risk-adjustment covariate,2005-2008 separate provider-v2,
elix_cancer_lymph_flag,UTINYINT,YES,,,,risk-adjustment covariate,2005-2008 separate provider-v2,
elix_cancer_mets_flag,UTINYINT,YES,,,,risk-adjustment covariate,2005-2008 separate provider-v2,
elix_cancer_nsitu_flag,UTINYINT,YES,,,,risk-adjustment covariate,2005-2008 separate provider-v2,
elix_cancer_solid_flag,UTINYINT,YES,,,,risk-adjustment covariate,2005-2008 separate provider-v2,
elix_cbvd_poa_flag,UTINYINT,YES,,,,risk-adjustment covariate,2005-2008 separate provider-v2,
elix_cbvd_sqla_flag,UTINYINT,YES,,,,risk-adjustment covariate,2005-2008 separate provider-v2,
elix_chf_flag,UTINYINT,YES,,,,risk-adjustment covariate,2005-2008 separate provider-v2,
elix_chrnlung_flag,UTINYINT,YES,,,,risk-adjustment covariate,2005-2008 separate provider-v2,
elix_coag_flag,UTINYINT,YES,,,,risk-adjustment covariate,2005-2008 separate provider-v2,
elix_dementia_flag,UTINYINT,YES,,,,risk-adjustment covariate,2005-2008 separate provider-v2,
elix_depress_flag,UTINYINT,YES,,,,risk-adjustment covariate,2005-2008 separate provider-v2,
elix_diab_cx_flag,UTINYINT,YES,,,,risk-adjustment covariate,2005-2008 separate provider-v2,
elix_diab_uncx_flag,UTINYINT,YES,,,,risk-adjustment covariate,2005-2008 separate provider-v2,
elix_dm_flag,UTINYINT,YES,,,,risk-adjustment covariate,2005-2008 separate provider-v2,
elix_dmcx_flag,UTINYINT,YES,,,,risk-adjustment covariate,2005-2008 separate provider-v2,
elix_drug_abuse_flag,UTINYINT,YES,,,,risk-adjustment covariate,2005-2008 separate provider-v2,
elix_drug_flag,UTINYINT,YES,,,,risk-adjustment covariate,2005-2008 separate provider-v2,
elix_hf_flag,UTINYINT,YES,,,,risk-adjustment covariate,2005-2008 separate provider-v2,
elix_hhrwchf_flag,UTINYINT,YES,,,,risk-adjustment covariate,2005-2008 separate provider-v2,
elix_hhrwhrf_flag,UTINYINT,YES,,,,risk-adjustment covariate,2005-2008 separate provider-v2,
elix_hhrwohrf_flag,UTINYINT,YES,,,,risk-adjustment covariate,2005-2008 separate provider-v2,
elix_hhrwrf_flag,UTINYINT,YES,,,,risk-adjustment covariate,2005-2008 separate provider-v2,
elix_hrenworf_flag,UTINYINT,YES,,,,risk-adjustment covariate,2005-2008 separate provider-v2,
elix_hrenwrf_flag,UTINYINT,YES,,,,risk-adjustment covariate,2005-2008 separate provider-v2,
elix_htn_cx_flag,UTINYINT,YES,,,,risk-adjustment covariate,2005-2008 separate provider-v2,
elix_htn_flag,UTINYINT,YES,,,,risk-adjustment covariate,2005-2008 separate provider-v2,
elix_htn_uncx_flag,UTINYINT,YES,,,,risk-adjustment covariate,2005-2008 separate provider-v2,
elix_htncx_flag,UTINYINT,YES,,,,risk-adjustment covariate,2005-2008 separate provider-v2,
elix_htnpreg_flag,UTINYINT,YES,,,,risk-adjustment covariate,2005-2008 separate provider-v2,
elix_htnwchf_flag,UTINYINT,YES,,,,risk-adjustment covariate,2005-2008 separate provider-v2,
elix_htnwochf_flag,UTINYINT,YES,,,,risk-adjustment covariate,2005-2008 separate provider-v2,
elix_hypothy_flag,UTINYINT,YES,,,,risk-adjustment covariate,2005-2008 separate provider-v2,
elix_liver_flag,UTINYINT,YES,,,,risk-adjustment covariate,2005-2008 separate provider-v2,
elix_liver_mld_flag,UTINYINT,YES,,,,risk-adjustment covariate,2005-2008 separate provider-v2,
elix_liver_sev_flag,UTINYINT,YES,,,,risk-adjustment covariate,2005-2008 separate provider-v2,
elix_lung_chronic_flag,UTINYINT,YES,,,,risk-adjustment covariate,2005-2008 separate provider-v2,
elix_lymph_flag,UTINYINT,YES,,,,risk-adjustment covariate,2005-2008 separate provider-v2,
elix_lytes_flag,UTINYINT,YES,,,,risk-adjustment covariate,2005-2008 separate provider-v2,
elix_mets_flag,UTINYINT,YES,,,,risk-adjustment covariate,2005-2008 separate provider-v2,
elix_neuro_flag,UTINYINT,YES,,,,risk-adjustment covariate,2005-2008 separate provider-v2,
elix_neuro_movt_flag,UTINYINT,YES,,,,risk-adjustment covariate,2005-2008 separate provider-v2,
elix_neuro_oth_flag,UTINYINT,YES,,,,risk-adjustment covariate,2005-2008 separate provider-v2,
elix_neuro_seiz_flag,UTINYINT,YES,,,,risk-adjustment covariate,2005-2008 separate provider-v2,
elix_obese_flag,UTINYINT,YES,,,,risk-adjustment covariate,2005-2008 separate provider-v2,
elix_ohtnpreg_flag,UTINYINT,YES,,,,risk-adjustment covariate,2005-2008 separate provider-v2,
elix_para_flag,UTINYINT,YES,,,,risk-adjustment covariate,2005-2008 separate provider-v2,
elix_paralysis_flag,UTINYINT,YES,,,,risk-adjustment covariate,2005-2008 separate provider-v2,
elix_perivasc_flag,UTINYINT,YES,,,,risk-adjustment covariate,2005-2008 separate provider-v2,
elix_psych_flag,UTINYINT,YES,,,,risk-adjustment covariate,2005-2008 separate provider-v2,
elix_psychoses_flag,UTINYINT,YES,,,,risk-adjustment covariate,2005-2008 separate provider-v2,
elix_pulmcirc_flag,UTINYINT,YES,,,,risk-adjustment covariate,2005-2008 separate provider-v2,
elix_renlfail_flag,UTINYINT,YES,,,,risk-adjustment covariate,2005-2008 separate provider-v2,
elix_renlfl_mod_flag,UTINYINT,YES,,,,risk-adjustment covariate,2005-2008 separate provider-v2,
elix_renlfl_sev_flag,UTINYINT,YES,,,,risk-adjustment covariate,2005-2008 separate provider-v2,
elix_thyroid_hypo_flag,UTINYINT,YES,,,,risk-adjustment covariate,2005-2008 separate provider-v2,
elix_thyroid_oth_flag,UTINYINT,YES,,,,risk-adjustment covariate,2005-2008 separate provider-v2,
elix_tumor_flag,UTINYINT,YES,,,,risk-adjustment covariate,2005-2008 separate provider-v2,
elix_ulcer_flag,UTINYINT,YES,,,,risk-adjustment covariate,2005-2008 separate provider-v2,
elix_ulcer_peptic_flag,UTINYINT,YES,,,,risk-adjustment covariate,2005-2008 separate provider-v2,
elix_valve_flag,UTINYINT,YES,,,,risk-adjustment covariate,2005-2008 separate provider-v2,
elix_wghtloss_flag,UTINYINT,YES,,,,risk-adjustment covariate,2005-2008 separate provider-v2,
cpt_hcpcs_count,UTINYINT,YES,,,,"identifier, source, or supporting analytic field",2005-2008 separate provider-v2,
evaluation_management_code_count,UTINYINT,YES,,,,"identifier, source, or supporting analytic field",2005-2008 separate provider-v2,
icd_procedure_count,UTINYINT,YES,,,,"identifier, source, or supporting analytic field",2005-2008 separate provider-v2,
distinct_procedure_group_count,UTINYINT,YES,,,,"identifier, source, or supporting analytic field",2005-2008 separate provider-v2,
procedure_count_analysis,UTINYINT,YES,,,,outcome,2005-2008 separate provider-v2,
procedure_count_scope,VARCHAR,YES,,,,"identifier, source, or supporting analytic field",2005-2008 separate provider-v2,
any_procedure_flag,BOOLEAN,YES,,,,outcome,2005-2008 separate provider-v2,
high_procedure_flag,BOOLEAN,YES,,,,outcome,2005-2008 separate provider-v2,
em_acuity_proxy_level,UTINYINT,YES,,,,"identifier, source, or supporting analytic field",2005-2008 separate provider-v2,
em_critical_care_flag,BOOLEAN,YES,,,,"identifier, source, or supporting analytic field",2005-2008 separate provider-v2,
em_acuity_proxy_status,VARCHAR,YES,,,,"identifier, source, or supporting analytic field",2005-2008 separate provider-v2,
total_charge_reported,DOUBLE,YES,,,,outcome,2005-2008 separate provider-v2,
total_charge_reported_real_2024,DOUBLE,YES,,,,outcome,2005-2008 separate provider-v2,
total_charge,DOUBLE,YES,,,,outcome,2005-2008 separate provider-v2,
total_charge_real_2024,DOUBLE,YES,,,,outcome,2005-2008 separate provider-v2,
component_charge_sum,DOUBLE,YES,,,,outcome,2005-2008 separate provider-v2,
component_charge_sum_real_2024,DOUBLE,YES,,,,outcome,2005-2008 separate provider-v2,
charge_reconciliation_difference,DOUBLE,YES,,,,"identifier, source, or supporting analytic field",2005-2008 separate provider-v2,
charge_reconciliation_exception_flag,BOOLEAN,YES,,,,"identifier, source, or supporting analytic field",2005-2008 separate provider-v2,
cpi_u_factor_to_2024,DOUBLE,YES,,,,"identifier, source, or supporting analytic field",2005-2008 separate provider-v2,
attending_practitioner_license_id_raw,VARCHAR,YES,,,,provider measurement,2005-2008 separate provider-v2,
attending_license_number_norm,VARCHAR,YES,,,,provider measurement,2005-2008 separate provider-v2,
attending_selected_npi,VARCHAR,YES,,,,provider measurement,2005-2008 separate provider-v2,
physician_linkage_method,VARCHAR,YES,,,,provider measurement,2005-2008 separate provider-v2,
historical_license_link_resolved_flag,BOOLEAN,YES,,,,"identifier, source, or supporting analytic field",2005-2008 separate provider-v2,
provider_master_v2_matched_flag,BOOLEAN,YES,,,,provider measurement,2005-2008 separate provider-v2,
phase1_master_match_flag,BOOLEAN,YES,,,,"identifier, source, or supporting analytic field",2005-2008 separate provider-v2,
nppes_current_snapshot_match_flag,BOOLEAN,YES,,,,"identifier, source, or supporting analytic field",2005-2008 separate provider-v2,
physician_entity_category,VARCHAR,YES,,,,provider measurement,2005-2008 separate provider-v2,
physician_clinician_type,VARCHAR,YES,,,,provider measurement,2005-2008 separate provider-v2,
physician_md_do_flag,BOOLEAN,YES,,,,provider measurement,2005-2008 separate provider-v2,
provider_v2_md_do_eligible_flag,BOOLEAN,YES,,,,eligibility/measurement flag,2005-2008 separate provider-v2,
provider_measurement_version,VARCHAR,YES,,,,provider measurement,2005-2008 separate provider-v2,
attending_provider_name,VARCHAR,YES,,,,provider measurement,2005-2008 separate provider-v2,
physician_gender_category,VARCHAR,YES,,,,provider measurement,2005-2008 separate provider-v2,
physician_gender_source,VARCHAR,YES,,,,provider measurement,2005-2008 separate provider-v2,
physician_gender_source_conflict_flag,BOOLEAN,YES,,,,provider measurement,2005-2008 separate provider-v2,
attending_taxonomy_display_name,VARCHAR,YES,,,,provider measurement,2005-2008 separate provider-v2,
attending_cms_primary_specialty,VARCHAR,YES,,,,provider measurement,2005-2008 separate provider-v2,
attending_ed_specialist_flag,BOOLEAN,YES,,,,provider measurement,2005-2008 separate provider-v2,
attending_years_since_medical_school,INTEGER,YES,,,,provider measurement,2005-2008 separate provider-v2,
attending_has_fl_doh_hospital_privilege,BOOLEAN,YES,,,,provider measurement,2005-2008 separate provider-v2,
attending_doh_hospital_privilege_count,BIGINT,YES,,,,provider measurement,2005-2008 separate provider-v2,
attending_has_cms_group_practice_affiliation,BOOLEAN,YES,,,,provider measurement,2005-2008 separate provider-v2,
attending_cms_group_practice_count,BIGINT,YES,,,,provider measurement,2005-2008 separate provider-v2,
attending_has_cms_current_facility_affiliation,BOOLEAN,YES,,,,provider measurement,2005-2008 separate provider-v2,
attending_cms_facility_certification_count,UINTEGER,YES,,,,provider measurement,2005-2008 separate provider-v2,
attending_has_any_current_hospital_affiliation,BOOLEAN,YES,,,,provider measurement,2005-2008 separate provider-v2,
physician_race_proxy_primary_label,VARCHAR,YES,,,,provider measurement,2005-2008 separate provider-v2,
physician_race_proxy_method_id,VARCHAR,YES,,,,provider measurement,2005-2008 separate provider-v2,
physician_race_proxy_method_label,VARCHAR,YES,,,,provider measurement,2005-2008 separate provider-v2,
physician_race_proxy_prob_white,DOUBLE,YES,,,,provider measurement,2005-2008 separate provider-v2,
physician_race_proxy_prob_black,DOUBLE,YES,,,,provider measurement,2005-2008 separate provider-v2,
physician_race_proxy_prob_hispanic,DOUBLE,YES,,,,provider measurement,2005-2008 separate provider-v2,
physician_race_proxy_prob_asian,DOUBLE,YES,,,,provider measurement,2005-2008 separate provider-v2,
physician_race_proxy_prob_other,DOUBLE,YES,,,,provider measurement,2005-2008 separate provider-v2,
physician_race_population_prob_white,DOUBLE,YES,,,,provider measurement,2005-2008 separate provider-v2,
physician_race_population_prob_black,DOUBLE,YES,,,,provider measurement,2005-2008 separate provider-v2,
physician_race_population_prob_hispanic,DOUBLE,YES,,,,provider measurement,2005-2008 separate provider-v2,
physician_race_population_prob_asian,DOUBLE,YES,,,,provider measurement,2005-2008 separate provider-v2,
physician_race_population_prob_other,DOUBLE,YES,,,,provider measurement,2005-2008 separate provider-v2,
physician_race_population_label,VARCHAR,YES,,,,provider measurement,2005-2008 separate provider-v2,
physician_race_population_max_probability,DOUBLE,YES,,,,provider measurement,2005-2008 separate provider-v2,
physician_race_population_black_white_mass,DOUBLE,YES,,,,provider measurement,2005-2008 separate provider-v2,
physician_race_population_prob_black_conditional_bw,DOUBLE,YES,,,,provider measurement,2005-2008 separate provider-v2,
physician_race_label_disagrees_between_priors_flag,BOOLEAN,YES,,,,provider measurement,2005-2008 separate provider-v2,
physician_race_imputation_confidence,DOUBLE,YES,,,,provider measurement,2005-2008 separate provider-v2,
physician_race_proxy_black_white_mass,DOUBLE,YES,,,,provider measurement,2005-2008 separate provider-v2,
physician_race_proxy_prob_black_conditional_bw,DOUBLE,YES,,,,provider measurement,2005-2008 separate provider-v2,
physician_race_proxy_normalized_entropy,DOUBLE,YES,,,,provider measurement,2005-2008 separate provider-v2,
physician_race_last_match_flag,BOOLEAN,YES,,,,provider measurement,2005-2008 separate provider-v2,
physician_race_first_match_flag,BOOLEAN,YES,,,,provider measurement,2005-2008 separate provider-v2,
physician_race_middle_match_flag,BOOLEAN,YES,,,,provider measurement,2005-2008 separate provider-v2,
physician_race_name_match_pattern,VARCHAR,YES,,,,provider measurement,2005-2008 separate provider-v2,
phase1_surname_prob_white,DOUBLE,YES,,,,"identifier, source, or supporting analytic field",2005-2008 separate provider-v2,
phase1_surname_prob_black,DOUBLE,YES,,,,"identifier, source, or supporting analytic field",2005-2008 separate provider-v2,
phase1_surname_prob_hispanic,DOUBLE,YES,,,,"identifier, source, or supporting analytic field",2005-2008 separate provider-v2,
phase1_surname_prob_asian_pi,DOUBLE,YES,,,,"identifier, source, or supporting analytic field",2005-2008 separate provider-v2,
phase1_surname_prob_aian,DOUBLE,YES,,,,"identifier, source, or supporting analytic field",2005-2008 separate provider-v2,
phase1_surname_prob_multiracial,DOUBLE,YES,,,,"identifier, source, or supporting analytic field",2005-2008 separate provider-v2,
ami_icd9_anylisted_strict_flag,UTINYINT,YES,,,,AMI cohort definition,2005-2008 separate provider-v2,
ami_icd9_anylisted_broad_flag,UTINYINT,YES,,,,AMI cohort definition,2005-2008 separate provider-v2,
ami_icd9_principal_strict_flag,BOOLEAN,YES,,,,AMI cohort definition,2005-2008 separate provider-v2,
ami_icd9_principal_broad_flag,BOOLEAN,YES,,,,AMI cohort definition,2005-2008 separate provider-v2,
provider_race_bw_measurement_available_flag,BOOLEAN,YES,,,,eligibility/measurement flag,2005-2008 separate provider-v2,
provider_race_population_bw_measurement_available_flag,BOOLEAN,YES,,,,eligibility/measurement flag,2005-2008 separate provider-v2,
provider_gender_measurement_available_flag,BOOLEAN,YES,,,,eligibility/measurement flag,2005-2008 separate provider-v2,
historical_race_concordance_eligible_t50_flag,BOOLEAN,YES,,,,eligibility/measurement flag,2005-2008 separate provider-v2,
historical_race_concordance_eligible_t70_flag,BOOLEAN,YES,,,,eligibility/measurement flag,2005-2008 separate provider-v2,
historical_race_concordance_eligible_t80_flag,BOOLEAN,YES,,,,eligibility/measurement flag,2005-2008 separate provider-v2,
historical_race_concordance_eligible_t90_flag,BOOLEAN,YES,,,,eligibility/measurement flag,2005-2008 separate provider-v2,
historical_race_population_prior_eligible_t50_flag,BOOLEAN,YES,,,,eligibility/measurement flag,2005-2008 separate provider-v2,
sex_gender_historical_eligible_flag,BOOLEAN,YES,,,,eligibility/measurement flag,2005-2008 separate provider-v2,
attending_quarter_volume_all_ed,BIGINT,YES,,,,provider measurement,2005-2008 separate provider-v2,
facility_quarter_volume_all_ed,BIGINT,YES,,,,"identifier, source, or supporting analytic field",2005-2008 separate provider-v2,
race_pair_category,VARCHAR,YES,,,,"identifier, source, or supporting analytic field",2005-2008 separate provider-v2,
black_black,UTINYINT,YES,,,,"identifier, source, or supporting analytic field",2005-2008 separate provider-v2,
black_white,UTINYINT,YES,,,,"identifier, source, or supporting analytic field",2005-2008 separate provider-v2,
white_black,UTINYINT,YES,,,,"identifier, source, or supporting analytic field",2005-2008 separate provider-v2,
white_white,UTINYINT,YES,,,,"identifier, source, or supporting analytic field",2005-2008 separate provider-v2,
racial_concordance_flag,BOOLEAN,YES,,,,"identifier, source, or supporting analytic field",2005-2008 separate provider-v2,
sex_gender_pair_category,VARCHAR,YES,,,,"identifier, source, or supporting analytic field",2005-2008 separate provider-v2,
female_female,UTINYINT,YES,,,,"identifier, source, or supporting analytic field",2005-2008 separate provider-v2,
female_male,UTINYINT,YES,,,,"identifier, source, or supporting analytic field",2005-2008 separate provider-v2,
male_female,UTINYINT,YES,,,,"identifier, source, or supporting analytic field",2005-2008 separate provider-v2,
male_male,UTINYINT,YES,,,,"identifier, source, or supporting analytic field",2005-2008 separate provider-v2,
sex_gender_concordance_flag,BOOLEAN,YES,,,,"identifier, source, or supporting analytic field",2005-2008 separate provider-v2,
