deviation_id,date_utc,analysis_stage,planned_specification,implemented_change,reason,anticipated_direction,status
DEV-001,2026-07-26T06:31:00Z,pre-estimation nonlinear robustness,Final estimates use the full eligible cohort,"Outcome-appropriate PPML/Gamma-log/logit HDFE robustness models use a deterministic outcome-independent probability sample of complete physician clusters (target 2,000,000 visits per cohort); exact OLS/HDFE primary models remain full-cohort",Repeated nonlinear HDFE estimation on 50–111 million rows is not computationally practical in the available 34 GB environment; cluster sampling preserves within-physician dependence and is used only for secondary robustness,Unknown; sampling is outcome-independent and no real-data estimates had been inspected when specified,implemented_before_results
DEV-002,2026-07-26T06:31:00Z,pre-estimation covariate implementation,Impute missing physician experience within year and specialty strata when feasible,Use the exact full-cohort median among valid 0–80-year values and include flexible splines plus an explicit missingness indicator,Sparse year-specialty cells and unstable specialty completeness would make stratum-specific values inconsistently defined across eras; a single frozen median is auditable and stable,Unknown; missingness indicator preserves a separate level and no real-data estimates had been inspected when specified,implemented_before_results
DEV-003,2026-07-26T06:31:00Z,pre-estimation primary outcome sample,Handle outcome missingness separately for each outcome,Use one common complete primary-outcome sample requiring valid 0–168-hour LOS and nonnegative real reported total charges for the two confirmatory outcomes; outcome-specific restrictions remain sensitivities,A common sample makes the two Holm-adjusted confirmatory contrasts directly comparable and prevents sample-composition differences from driving their comparison,Unknown; the decision was frozen in the model implementation specification before real-data estimates,implemented_before_results
DEV-004,2026-07-26T08:40:22Z,pre-estimation primary outcome sample correction,DEV-003 designated the common complete LOS-and-charge sample as confirmatory,Restore the frozen SAP rule that each confirmatory outcome uses all exposure-eligible encounters with that outcome observed; retain the common complete LOS-and-charge analysis as a labeled robustness analysis,Requiring the other outcome can create avoidable selection and discard valid outcome information; separate outcome-specific matrices maximize valid information and match the original missing-data rule. This correction was specified before gates passed or real-data estimates were viewed,Unknown; no real-data model estimates had been generated or inspected,implemented_before_results_supersedes_DEV-003
DEV-005,2026-07-26T08:52:02Z,pre-estimation clinician-type sensitivity,An early SAP list proposed all linked attending clinicians without an MD/DO restriction as a sensitivity,Do not pool NP/PA or other clinicians with MD/DO physicians and never classify organizational NPIs as physicians; retain provider-type coverage tables and label any future nonphysician analysis as a separate exploratory clinician analysis,Pooling clinician types would change the exposure population and conflict with the provider-v2 measurement gate and the stated physician-patient estimand. The restriction was finalized before gates passed or real-data estimates were viewed,Unknown; this prevents clinician-type mixture from being interpreted as physician concordance,implemented_before_results
DEV-006,2026-07-26T09:18:00Z,pre-estimation AMI adjustment implementation,Comparable sex/gender AMI models use patient race/ethnicity and clinical-risk adjustment and include a physician fixed-effect specification where identifiable,Add recorded patient race/ethnicity categories and all available Elixhauser indicators to the AMI models; retain the facility-year-quarter adjusted specification and add an attending-physician plus facility-year-quarter fixed-effect specification with two-way physician/facility clustered inference,Static pre-estimation review found that the initial AMI script used only an Elixhauser count and omitted patient race/ethnicity and the prespecified within-physician comparison. The correction restores the frozen SAP rather than changing the estimand and was made before any AMI or other real-data model estimate was generated or viewed,Unknown; no real-data model estimates had been generated or inspected,implemented_before_results
DEV-007,2026-07-26T10:20:00Z,pre-estimation AMI validation reconciliation,"Apply the ICD-9-CM to ICD-10-CM transition by quarter, with ICD-9-CM through 2015 Q3 and ICD-10-CM beginning 2015 Q4","Compute the annual source-side AMI validation count from quarter-specific code-system counts before annual aggregation, so 2015 combines ICD-9-CM Q1-Q3 with ICD-10-CM Q4",Static estimate-blind review found that the model cohort used correct row-level flags but the directional source-benchmark table selected one code system for all of 2015. The correction restores the frozen transition rule and affects validation only,Unknown; the correction prevents an understated 2015 benchmark and no AMI or other real-data estimates had been generated or inspected,implemented_before_results
DEV-008,2026-07-26T11:15:00Z,pre-estimation presentation heterogeneity sensitivity,The frozen SAP prespecified a broad symptom/sign-coded comparison and an exploratory versioned clinical-uncertainty crosswalk that preserves ambiguous categories,Add an exact M2 exploratory sensitivity that excludes ambiguous/mixed clinical categories and compares the concordance contrast between the remaining higher- and lower-uncertainty proxy groups; retain the broad visit-level symptom/sign analysis unchanged,"Estimate-blind static review found that the broad binary modifier treated ambiguous presentations as part of the comparison group and did not yet operationalize the SAP's stricter crosswalk sensitivity. The added analysis preserves both perspectives, binds the classification version and hash, and remains provisional pending clinician review",Unknown; no real-data model estimates had been generated or inspected,implemented_before_results
DEV-009,2026-07-26T11:35:00Z,pre-estimation physician-gender measurement,The provider-v2 hierarchy allowed recorded NPPES/CMS binary categories followed by SSA first-name imputation at >=90% when recorded sources were unavailable,Restrict the primary physician-gender cohort to recorded NPPES/CMS categories; retain SSA name-imputed gender as an expanded measurement sensitivity and add an exact M2 subset sensitivity excluding NPIs whose recorded NPPES and CMS categories disagree,"Estimate-blind measurement profiling found that SSA-imputed gender contributed only one ED attending MD/DO visit while recorded NPPES-CMS conflicts affected 224 MD/DO NPIs and approximately 539,000 attending visits in the complete provider universe. Separating recorded from imputed measurement and exposing source conflict improves construct validity without changing the four-cell contrast or estimator",Unknown; the rule was frozen before any real-data model estimate was generated or viewed,implemented_before_results
DEV-010,2026-07-26T11:59:00Z,pre-estimation provider-source freshness,Provider master v2 initially inherited CMS clinician attributes from the immutable Phase 1 master and did not directly incorporate the newer CMS facility-affiliation file,"Refresh specialty, education, group-practice, facility-affiliation, and recorded CMS gender fields from the official CMS Doctors and Clinicians files modified June 26 2026; retain legacy Phase 1 CMS fields alongside explicit v2 fields; SHA-256-bind both current files before estimation","Estimate-blind comparison found 1,830 newly CMS-covered ED NPIs, 2,254 newly filled specialty and education records, and current CMS facility-affiliation coverage for 37,741 ED-observed MD/DO NPIs representing 63,444,089 attending visits. The refresh materially improves provider measurement while changing primary recorded-gender source coverage only minimally",Unknown; provider-dependent cohorts and gates are rebuilt from immutable Phase 1 facts before any real-data model estimate is generated or viewed,implemented_before_results
DEV-011,2026-07-26T15:02:00-04:00,post-generation pre-interpretation historical HDFE numerical convergence,"Historical AMI OLS/LPM models used MAP alternating-projection demeaning with a fixed-effect tolerance of 1e-8 and a 10,000-iteration ceiling","Retain the original strict attempt; only after an explicit demeaning-nonconvergence error retry the identical sample formula fixed effects clustering and contrast at pyfixest's standard 1e-6 tolerance with a 50,000-iteration ceiling; record every retry in model results diagnostics and the analysis manifest",Fifteen required historical M3 physician plus facility-year-quarter models stopped solely because the strict demeaning attempt reached its iteration ceiling. The numerical fallback changes no substantive model element and avoids selectively dropping required models. The decision was based only on convergence diagnostics; coefficients and inferential results were not inspected or interpreted,Unknown; the fallback may change only sub-tolerance numerical residualization while restoring prespecified model completion,implemented_and_fully_audited_before_interpretation
DEV-012,2026-07-26T20:55:03.010054+00:00,post-primary-period descriptive/unadjusted generation; pre-adjusted-primary-period matrix and estimation,The original SAP prespecified binary Black/White and binary sex/gender four-cell interactions plus a conditional exploratory binary intersectional analysis; it did not prespecify the full five-class or 100-cell directional extension.,"Added directional gender, five-class race, and expanded intersectional dyad analysis families after primary-period descriptive/unadjusted outputs existed but before adjusted primary-period model matrices or estimates existed. Retain all cells; use joint factorial models, adjusted predictions or marginal contrasts, probability-weighted physician race, physician-level multiple imputation, hard-threshold/prior sensitivities, support gates, and separate BH families.",Investigator-requested directional characterization that retains all estimable physician-by-patient cells and probability-aware physician race measurement. Pre-existing binary components retain their original status; new non-intersectional directional work is secondary and expanded intersectional work exploratory.,"Unknown. Relevant primary-period descriptive/unadjusted and historical outputs existed before this request, so the extension is not labelled wholly prespecified. No coefficient, confidence interval, or p-value was read by the freeze script when cells, contrasts, support thresholds, models, and multiplicity families were frozen.",accepted_post_descriptive_pre_adjusted_primary_results_extension
DEV-013,2026-07-26T22:00:36.988157+00:00,post-generation independent historical-results audit before interpretation,Historical AMI grid treated every required outcome-specification cell as inferentially estimable after numerical convergence.,"Add a pre-fit within-cohort outcome-variation gate. Retain constant-outcome AMI grid cells as NON_ESTIMABLE with an explicit reason and missing estimate, standard error, confidence interval, and p-value; count them separately from converged estimable models; update the independent audit to require exact result-diagnostic alignment and prohibit zero substitution.","The first independent historical results audit failed because six any-procedure AMI cells had no outcome variation and therefore produced undefined p-values. Zero estimates and zero standard errors in those rows were not valid inferential results. The correction changes no sample, outcome definition, exposure, covariate, fixed effect, clustering rule, or estimable model; it enforces explicit non-estimability and preserves the failed audit and prior artifacts in audit history.","No direction is applicable because the six affected cells contain no outcome variation and will carry no estimate. The defect was found by the independent fail-closed audit before historical coefficients were interpreted or released.",implemented_after_failed_independent_audit_before_interpretation
DEV-014,2026-07-27T00:38:00+00:00,post-generation primary-AMI diagnostic review before corrected independent audit,The primary ED-only AMI grid treated every required outcome-specification cell as inferentially estimable after numerical convergence.,"Apply the same pre-fit outcome-variation gate used for the independently corrected historical AMI analysis. Retain the six constant any-procedure cells as NON_ESTIMABLE with explicit reasons and undefined inferential quantities; require 24 estimable plus 6 non-estimable required cells; rerun multiplicity and an independent AMI audit.","Operational inspection after the initial run showed that any-procedure was constant in all three AMI definitions, so six apparently completed rows could not support inference. The correction changes no sample, outcome definition, exposure, covariate, fixed effect, clustering rule, or estimable model. The pre-correction artifacts were preserved in audit history. Some coefficient rows were viewed only to diagnose the defect; no finding was interpreted or released, and the corrected rerun and independent audit remain mandatory.","No substantive direction is applicable to the six constant cells because corrected rows carry no estimate. Any initially generated AMI results remain unaudited and cannot be reported.",implementation_corrected_rerun_and_independent_audit_pending
DEV-015,2026-07-27T01:08:09.153585+00:00,post-some adjusted-primary generation but before any real directional result,"The frozen five-class directional plan required probability weighting plus NPI-level multiple imputation and hard-threshold and alternative-prior sensitivities, but the initial nine-file storage-safe execution sequence implemented only the primary probability-weighted directional path.","Before any directional estimate existed, add primary-outcome sensitivity execution for Florida and national priors, hard maximum-posterior thresholds 0.50/0.70/0.80/0.90 under each prior, and 20 deterministic NPI-level categorical imputations under each prior; preserve one draw per NPI across visits; add independent target, Rubin-pooling, assignment, sample-size, support, and hash audits; prevent compaction until those audits pass.","An estimate-blind execution-coverage review compared the frozen scientific manifest with the callable runner and found the missing five-class measurement-sensitivity stage. The correction implements already-frozen measurement requirements rather than adding a new estimand. Eight synthetic tests, including optimized replacement-cell versus full-refit equivalence, passed before the final execution re-freeze. Superseded freeze hashes and timing limitations are recorded separately.","Some adjusted non-directional primary output files existed by the final execution re-freeze, but no real directional result file existed and no directional coefficient, confidence interval, or p-value had been generated or viewed. Directional race analyses remain secondary and expanded intersectional analyses remain exploratory exactly as previously classified.",implemented_and_execution_frozen_before_directional_results
DEV-016,2026-07-27T02:21:01.0584176+00:00,post-M1 generation and failed common-primary race M2 demeaning before M2 estimation or interpretation,"Primary M2 and M3 models use MAP alternating-projection demeaning at tolerance 1e-8 with a 10000-iteration ceiling; a nonconverged block previously stopped the model without a persisted numerical fallback.","Retain the strict 1e-8/10000 attempt for every new block. Only after an explicit strict nonconvergence, retry the identical block, sample, design columns, outcomes, fixed effects, and clustering at tolerance 1e-6 with a 50000-iteration ceiling. Persist every strict and fallback attempt. For the exact common-primary race M2 block already proven nonconvergent, reuse its hash-bound failed-attempt checkpoint instead of repeating the same 10000-iteration failure. Before compaction, independently verify the complete attempt grid, strict-before-fallback rule, live engine and matrix bindings, and archived retry provenance.","The common-primary race estimator ran fail-closed for approximately 100 minutes and wrote no M2 result before reporting nonconvergence for design columns [1, 2, 3, 34]. The numerical-only fallback matches the previously documented and independently audited historical HDFE policy. It changes no estimand, sample, variable, fixed effect, clustering dimension, or inferential contrast. The failed logs and scratch metadata are preserved. Four synthetic fallback/restart tests and four synthetic independent-audit acceptance/rejection tests passed before the affected result audit.","No M2 coefficient, confidence interval, or p-value existed or was viewed when this correction was made. The completed M1 files existed but their values were not inspected or used to choose the correction.",implemented_after_explicit_nonconvergence_before_affected_results
DEV-017,2026-07-27T07:36:00+00:00,post-historical audit and pre-primary multiplicity execution while common-primary race M2 remained in progress,"The multiplicity script constructs a BH family label from the historical AMI cohort-definition field and originally expected that field to be named definition.","Accept either definition or the already-audited historical output name cohort_definition when constructing the identical secondary historical AMI family label; fail closed if neither field exists. Refresh the estimate-blind directional implementation and execution bindings before any real directional result is created.","Static header-only review found that the audited historical AMI output uses cohort_definition, so the uncorrected multiplicity stage would stop with a schema KeyError before writing adjusted results. The alias changes no value, sample, outcome, estimator, contrast, multiplicity method, or family membership and was selected without reading any estimate, confidence interval, or p-value.","No effect direction is applicable because this is a schema-compatibility correction. No real directional result existed and the affected primary-period multiplicity stage had not run when the correction was made.",implemented_before_affected_multiplicity_and_directional_results
DEV-018,2026-07-27T08:04:00+00:00,post-DEV017 documentation and pre-complete-release audit while common-primary race M2 remained in progress,"The complete release audit requires the SAP deviation identifiers to be contiguous, but its explicit gate originally stopped at DEV-016.","Require the exact contiguous sequence DEV-001 through DEV-018, expose that sequence as a testable constant, and add a synthetic unit test. Preserve the exact pre-correction audit script and SAP ledger in audit history.","Estimate-blind static review found that the already documented DEV-017 entry would make the future complete release audit fail even if every scientific and computational result gate passed. This correction aligns the audit registry with the actual chronological record and changes no sample, variable, outcome, model, contrast, multiplicity family, estimate, or interpretation.","No effect direction is applicable because this is a release-audit bookkeeping correction. The complete release audit had not run, the affected common-primary race M2 remained in progress, and no real result value was inspected to select the correction.",implemented_before_complete_release_audit
DEV-019,2026-07-27T08:39:51.8095206+00:00,post-multiplicity implementation and pre-complete-release audit while common-primary race M2 remained in progress,"The production pipeline applied frozen Holm and Benjamini-Hochberg corrections, with dedicated independent reconstruction for corrected AMI and directional families, but the complete analytical-release gate did not require an independent reconstruction of every non-directional adjusted-output table.","Add an estimate-blind independent global multiplicity audit that reconstructs every non-directional adjusted table from its unadjusted source, implements Holm and Benjamini-Hochberg without importing the production multiplicity script, validates exact family membership and the two-test confirmatory family, detects altered rows or q-values, verifies source/output hashes, and becomes a mandatory complete-release gate. Add and pass synthetic reference and tamper-detection tests before the affected release audit.","A static critical-path review of the future complete-release registry identified a validation coverage gap. Closing it strengthens the already-required multiple-testing validation without changing any sample, outcome, exposure, covariate, fixed effect, cluster, weight, model, contrast, p-value, multiplicity family, or interpretation. The pre-change release-audit script and SAP ledger are preserved in audit history.","No estimate, confidence interval, p-value, or adjusted q-value was inspected. The affected common-primary race M2 estimator remained active and the complete analytical release audit had not run.",implemented_before_global_multiplicity_execution_and_complete_release_audit
